name1,x1,y1,name2,x2,y2,lineColor,lineWidth,layerNo,備考
東京駅,35.6812980,139.764053,品川駅,35.6284713,139.736571,#FF0000,3,1,
新宿駅,35.6905530,139.697385,池袋駅,35.7288800,139.708156,#00FF00,5,1,
上野駅,35.7122966,139.774187,神田駅,35.6921413,139.769031,#0000FF,7,1,
